{
    "Accelerate.framework": 2,
    "CoreData.framework": 1,
    "CoreLocation.framework": 4,
    "CoreTelephony.framework": 2,
    "CoreText.framework": 1,
    "GLKit.framework": 1,
    "ImageIO.framework": 2,
    "libc++.tbd": 1,
    "libz.tbd": 3,
    "OpenGLES.framework": 1,
    "QuartzCore.framework": 3,
    "SystemConfiguration.framework": 4,
    "UIKit.framework": 2,
    "Security.framework": 1,
    "Photos.framework": 2,
    "AVFoundation.framework": 3,
    "WebKit.framework": 1,
    "CoreBluetooth.framework": 1,
    "CoreMotion.framework": 1,
    "AddressBook.framework": 1,
    "EventKit.framework": 1,
    "Contacts.framework": 1,
    "UserNotifications.framework": 1,
    "libiconv.dylib": 1,
    "CoreVideo.framework": 1,
    "CoreImage.framework": 1,
    "AudioToolbox.framework": 1,
    "Social.framework": 1,
    "MessageUI.framework": 1
}