{
  "prepare_queue": {
    "installed": [],
    "uninstalled": []
  },
  "config_munge": {
    "files": {
      "config.xml": {
        "parents": {
          "/*": [
            {
              "xml": "<feature name=\"ImagePicker\"><param name=\"ios-package\" value=\"SOSPicker\" /></feature>",
              "count": 1
            },
            {
              "xml": "<feature name=\"Badge\"><param name=\"ios-package\" value=\"APPBadge\" /></feature>",
              "count": 1
            },
            {
              "xml": "<feature name=\"Brightness\"><param name=\"ios-package\" value=\"Brightness\" /></feature>",
              "count": 1
            },
            {
              "xml": "<feature name=\"Camera\"><param name=\"ios-package\" value=\"CDVCamera\" /></feature>",
              "count": 1
            },
            {
              "xml": "<preference name=\"CameraUsesGeolocation\" value=\"false\" />",
              "count": 1
            },
            {
              "xml": "<feature name=\"Device\"><param name=\"ios-package\" value=\"CDVDevice\" /></feature>",
              "count": 1
            },
            {
              "xml": "<feature name=\"File\"><param name=\"ios-package\" value=\"CDVFile\" /><param name=\"onload\" value=\"true\" /></feature>",
              "count": 1
            },
            {
              "xml": "<feature name=\"FileTransfer\"><param name=\"ios-package\" value=\"CDVFileTransfer\" /></feature>",
              "count": 1
            },
            {
              "xml": "<feature name=\"Geolocation\"><param name=\"ios-package\" value=\"CDVLocation\" /></feature>",
              "count": 1
            },
            {
              "xml": "<feature name=\"CordovaGoogleMaps\"><param name=\"ios-package\" value=\"CordovaGoogleMaps\" /><param name=\"onload\" value=\"true\" /><param name=\"onreset\" value=\"true\" /></feature>",
              "count": 1
            },
            {
              "xml": "<feature name=\"Environment\"><param name=\"ios-package\" value=\"Environment\" /></feature>",
              "count": 1
            },
            {
              "xml": "<feature name=\"External\"><param name=\"ios-package\" value=\"External\" /></feature>",
              "count": 1
            },
            {
              "xml": "<feature name=\"Geocoder\"><param name=\"ios-package\" value=\"PluginGeocoder\" /></feature>",
              "count": 1
            },
            {
              "xml": "<feature name=\"Map\"><param name=\"ios-package\" value=\"PluginMap\" /></feature>",
              "count": 1
            },
            {
              "xml": "<feature name=\"Circle\"><param name=\"ios-package\" value=\"PluginCircle\" /></feature>",
              "count": 1
            },
            {
              "xml": "<feature name=\"GroundOverlay\"><param name=\"ios-package\" value=\"PluginGroundOverlay\" /></feature>",
              "count": 1
            },
            {
              "xml": "<feature name=\"KmlOverlay\"><param name=\"ios-package\" value=\"PluginKmlOverlay\" /></feature>",
              "count": 1
            },
            {
              "xml": "<feature name=\"Marker\"><param name=\"ios-package\" value=\"PluginMarker\" /></feature>",
              "count": 1
            },
            {
              "xml": "<feature name=\"Polygon\"><param name=\"ios-package\" value=\"PluginPolygon\" /></feature>",
              "count": 1
            },
            {
              "xml": "<feature name=\"Polyline\"><param name=\"ios-package\" value=\"PluginPolyline\" /></feature>",
              "count": 1
            },
            {
              "xml": "<feature name=\"TileOverlay\"><param name=\"ios-package\" value=\"PluginTileOverlay\" /></feature>",
              "count": 1
            },
            {
              "xml": "<feature name=\"MarkerCluster\"><param name=\"ios-package\" value=\"PluginMarkerCluster\" /></feature>",
              "count": 1
            },
            {
              "xml": "<allow-navigation href=\"http://localhost:8080/*\" />",
              "count": 1
            },
            {
              "xml": "<feature name=\"CDVWKWebViewEngine\"><param name=\"ios-package\" value=\"CDVWKWebViewEngine\" /></feature>",
              "count": 1
            },
            {
              "xml": "<preference name=\"CordovaWebViewEngine\" value=\"CDVWKWebViewEngine\" />",
              "count": 1
            },
            {
              "xml": "<feature name=\"Market\"><param name=\"ios-package\" value=\"CDVMarket\" /></feature>",
              "count": 1
            },
            {
              "xml": "<feature name=\"NetworkStatus\"><param name=\"ios-package\" value=\"CDVConnection\" /></feature>",
              "count": 1
            },
            {
              "xml": "<feature name=\"CDVOrientation\"><param name=\"ios-package\" value=\"CDVOrientation\" /></feature>",
              "count": 1
            },
            {
              "xml": "<feature name=\"SplashScreen\"><param name=\"ios-package\" value=\"CDVSplashScreen\" /><param name=\"onload\" value=\"true\" /></feature>",
              "count": 1
            },
            {
              "xml": "<feature name=\"StatusBar\"><param name=\"ios-package\" value=\"CDVStatusBar\" /><param name=\"onload\" value=\"true\" /></feature>",
              "count": 1
            },
            {
              "xml": "<preference name=\"StatusBarOverlaysWebView\" value=\"true\" />",
              "count": 1
            },
            {
              "xml": "<preference name=\"StatusBarStyle\" value=\"lightcontent\" />",
              "count": 1
            },
            {
              "xml": "<feature name=\"SQLitePlugin\"><param name=\"ios-package\" value=\"SQLitePlugin\" /></feature>",
              "count": 1
            },
            {
              "xml": "<feature name=\"Diagnostic\"><param name=\"ios-package\" value=\"Diagnostic\" /></feature>",
              "count": 1
            },
            {
              "xml": "<feature name=\"Keyboard\"><param name=\"ios-package\" onload=\"true\" value=\"IonicKeyboard\" /></feature>",
              "count": 1
            },
            {
              "xml": "<feature name=\"OneSignalPush\"><param name=\"ios-package\" value=\"OneSignalPush\" /></feature>",
              "count": 1
            },
            {
              "xml": "<feature name=\"BarcodeScanner\"><param name=\"ios-package\" value=\"CDVBarcodeScanner\" /></feature>",
              "count": 1
            },
            {
              "xml": "<feature name=\"SocialSharing\"><param name=\"ios-package\" value=\"SocialSharing\" /><param name=\"onload\" value=\"true\" /></feature>",
              "count": 1
            }
          ]
        }
      },
      "*-Info.plist": {
        "parents": {
          "NSPhotoLibraryUsageDescription": [
            {
              "xml": "<string>for bussiness</string>",
              "count": 1
            },
            {
              "xml": "<string> </string>",
              "count": 1
            },
            {
              "xml": "<string>This app requires photo library access to function properly.</string>",
              "count": 1
            }
          ],
          "NSCameraUsageDescription": [
            {
              "xml": "<string> </string>",
              "count": 2
            },
            {
              "xml": "<string>This app requires camera access to function properly.</string>",
              "count": 1
            }
          ],
          "NSLocationWhenInUseUsageDescription": [
            {
              "xml": "<string />",
              "count": 1
            },
            {
              "xml": "<string> </string>",
              "count": 1
            },
            {
              "xml": "<string>Show your location on the map</string>",
              "count": 1
            },
            {
              "xml": "<string>This app requires access to your location when the screen is on and the app is displayed.</string>",
              "count": 1
            }
          ],
          "Google Maps API Key": [
            {
              "xml": "<string>YOUR_IOS_API_KEY_IS_HERE</string>",
              "count": 1
            }
          ],
          "NSLocationAlwaysUsageDescription": [
            {
              "xml": "<string>Trace your location on the map</string>",
              "count": 1
            },
            {
              "xml": "<string>This app requires constant access to your location in order to track your position, even when the screen is off or the app is in the background.</string>",
              "count": 1
            }
          ],
          "LSApplicationQueriesSchemes": [
            {
              "xml": "<array><string>googlechromes</string><string>comgooglemaps</string></array>",
              "count": 1
            }
          ],
          "CFBundleURLTypes": [
            {
              "xml": "<array><dict><key>CFBundleTypeRole</key><string>Editor</string><key>CFBundleURLName</key><string>com.digitalexperts.yaspat</string><key>CFBundleURLSchemes</key><array><string>com.digitalexperts.yaspat</string></array></dict></array>",
              "count": 1
            }
          ],
          "NSLocationAlwaysAndWhenInUseUsageDescription": [
            {
              "xml": "<string>This app requires constant access to your location in order to track your position, even when the screen is off or the app is in the background.</string>",
              "count": 1
            }
          ],
          "NSCalendarsUsageDescription": [
            {
              "xml": "<string>This app requires calendar access to function properly.</string>",
              "count": 1
            }
          ],
          "NSBluetoothPeripheralUsageDescription": [
            {
              "xml": "<string>This app requires bluetooth access to function properly.</string>",
              "count": 1
            }
          ],
          "NSMicrophoneUsageDescription": [
            {
              "xml": "<string>This app requires microphone access to function properly.</string>",
              "count": 1
            }
          ],
          "NSMotionUsageDescription": [
            {
              "xml": "<string>This app requires motion detection access to function properly.</string>",
              "count": 1
            }
          ],
          "NSContactsUsageDescription": [
            {
              "xml": "<string>This app requires contacts access to function properly.</string>",
              "count": 1
            }
          ],
          "NSRemindersUsageDescription": [
            {
              "xml": "<string>This app requires reminders access to function properly.</string>",
              "count": 1
            }
          ],
          "UIBackgroundModes": [
            {
              "xml": "<array><string>remote-notification</string></array>",
              "count": 1
            }
          ],
          "NSPhotoLibraryAddUsageDescription": [
            {
              "xml": "<string>This app requires photo library access to function properly.</string>",
              "count": 1
            }
          ]
        }
      },
      "*-Debug.plist": {
        "parents": {
          "aps-environment": [
            {
              "xml": "<string>development</string>",
              "count": 1
            }
          ]
        }
      },
      "*-Release.plist": {
        "parents": {
          "aps-environment": [
            {
              "xml": "<string>production</string>",
              "count": 1
            }
          ]
        }
      }
    }
  },
  "installed_plugins": {
    "com-badrit-base64": {
      "PACKAGE_NAME": "com.digitalexperts.yaspat"
    },
    "com.googlemaps.ios": {
      "PACKAGE_NAME": "com.digitalexperts.yaspat"
    },
    "com.synconset.imagepicker": {
      "PHOTO_LIBRARY_USAGE_DESCRIPTION": "for bussiness",
      "PACKAGE_NAME": "com.digitalexperts.yaspat"
    },
    "cordova-plugin-add-swift-support": {
      "PACKAGE_NAME": "com.digitalexperts.yaspat"
    },
    "cordova-plugin-badge": {
      "PACKAGE_NAME": "com.digitalexperts.yaspat"
    },
    "cordova-plugin-brightness": {
      "PACKAGE_NAME": "com.digitalexperts.yaspat"
    },
    "cordova-plugin-compat": {
      "PACKAGE_NAME": "com.digitalexperts.yaspat"
    },
    "cordova-plugin-camera": {
      "CAMERA_USAGE_DESCRIPTION": " ",
      "PHOTOLIBRARY_USAGE_DESCRIPTION": " ",
      "PACKAGE_NAME": "com.digitalexperts.yaspat"
    },
    "cordova-plugin-device": {
      "PACKAGE_NAME": "com.digitalexperts.yaspat"
    },
    "cordova-plugin-file": {
      "PACKAGE_NAME": "com.digitalexperts.yaspat"
    },
    "cordova-plugin-file-transfer": {
      "PACKAGE_NAME": "com.digitalexperts.yaspat"
    },
    "cordova-plugin-geolocation": {
      "GEOLOCATION_USAGE_DESCRIPTION": " ",
      "PACKAGE_NAME": "com.digitalexperts.yaspat"
    },
    "cordova-plugin-googlemaps": {
      "API_KEY_FOR_IOS": "YOUR_IOS_API_KEY_IS_HERE",
      "LOCATION_WHEN_IN_USE_DESCRIPTION": "Show your location on the map",
      "LOCATION_ALWAYS_USAGE_DESCRIPTION": "Trace your location on the map",
      "PACKAGE_NAME": "com.digitalexperts.yaspat"
    },
    "cordova-plugin-ionic-webview": {
      "PACKAGE_NAME": "com.digitalexperts.yaspat"
    },
    "cordova-plugin-market": {
      "PACKAGE_NAME": "com.digitalexperts.yaspat"
    },
    "cordova-plugin-network-information": {
      "PACKAGE_NAME": "com.digitalexperts.yaspat"
    },
    "cordova-plugin-screen-orientation": {
      "PACKAGE_NAME": "com.digitalexperts.yaspat"
    },
    "cordova-plugin-splashscreen": {
      "PACKAGE_NAME": "com.digitalexperts.yaspat"
    },
    "cordova-plugin-statusbar": {
      "PACKAGE_NAME": "com.digitalexperts.yaspat"
    },
    "cordova-plugin-whitelist": {
      "PACKAGE_NAME": "com.digitalexperts.yaspat"
    },
    "cordova-sqlite-storage": {
      "PACKAGE_NAME": "com.digitalexperts.yaspat"
    },
    "cordova.plugins.diagnostic": {
      "PACKAGE_NAME": "com.digitalexperts.yaspat"
    },
    "es6-promise-plugin": {
      "PACKAGE_NAME": "com.digitalexperts.yaspat"
    },
    "ionic-plugin-keyboard": {
      "PACKAGE_NAME": "com.digitalexperts.yaspat"
    },
    "onesignal-cordova-plugin": {
      "PACKAGE_NAME": "com.digitalexperts.yaspat"
    },
    "phonegap-plugin-barcodescanner": {
      "CAMERA_USAGE_DESCRIPTION": " ",
      "PACKAGE_NAME": "com.digitalexperts.yaspat"
    },
    "cordova-plugin-x-socialsharing": {
      "PACKAGE_NAME": "$(PRODUCT_BUNDLE_IDENTIFIER)"
    }
  },
  "dependent_plugins": {},
  "modules": [
    {
      "id": "com-badrit-base64.Base64",
      "file": "plugins/com-badrit-base64/www/Base64.js",
      "pluginId": "com-badrit-base64",
      "clobbers": [
        "navigator.Base64"
      ]
    },
    {
      "id": "com.synconset.imagepicker.ImagePicker",
      "file": "plugins/com.synconset.imagepicker/www/imagepicker.js",
      "pluginId": "com.synconset.imagepicker",
      "clobbers": [
        "plugins.imagePicker"
      ]
    },
    {
      "id": "cordova-plugin-badge.Badge",
      "file": "plugins/cordova-plugin-badge/www/badge.js",
      "pluginId": "cordova-plugin-badge",
      "clobbers": [
        "cordova.plugins.notification.badge"
      ]
    },
    {
      "id": "cordova-plugin-brightness.Brightness",
      "file": "plugins/cordova-plugin-brightness/www/brightness.js",
      "pluginId": "cordova-plugin-brightness",
      "clobbers": [
        "cordova.plugins.brightness"
      ]
    },
    {
      "id": "cordova-plugin-camera.Camera",
      "file": "plugins/cordova-plugin-camera/www/CameraConstants.js",
      "pluginId": "cordova-plugin-camera",
      "clobbers": [
        "Camera"
      ]
    },
    {
      "id": "cordova-plugin-camera.CameraPopoverOptions",
      "file": "plugins/cordova-plugin-camera/www/CameraPopoverOptions.js",
      "pluginId": "cordova-plugin-camera",
      "clobbers": [
        "CameraPopoverOptions"
      ]
    },
    {
      "id": "cordova-plugin-camera.camera",
      "file": "plugins/cordova-plugin-camera/www/Camera.js",
      "pluginId": "cordova-plugin-camera",
      "clobbers": [
        "navigator.camera"
      ]
    },
    {
      "id": "cordova-plugin-camera.CameraPopoverHandle",
      "file": "plugins/cordova-plugin-camera/www/ios/CameraPopoverHandle.js",
      "pluginId": "cordova-plugin-camera",
      "clobbers": [
        "CameraPopoverHandle"
      ]
    },
    {
      "id": "cordova-plugin-device.device",
      "file": "plugins/cordova-plugin-device/www/device.js",
      "pluginId": "cordova-plugin-device",
      "clobbers": [
        "device"
      ]
    },
    {
      "id": "cordova-plugin-file.DirectoryEntry",
      "file": "plugins/cordova-plugin-file/www/DirectoryEntry.js",
      "pluginId": "cordova-plugin-file",
      "clobbers": [
        "window.DirectoryEntry"
      ]
    },
    {
      "id": "cordova-plugin-file.DirectoryReader",
      "file": "plugins/cordova-plugin-file/www/DirectoryReader.js",
      "pluginId": "cordova-plugin-file",
      "clobbers": [
        "window.DirectoryReader"
      ]
    },
    {
      "id": "cordova-plugin-file.Entry",
      "file": "plugins/cordova-plugin-file/www/Entry.js",
      "pluginId": "cordova-plugin-file",
      "clobbers": [
        "window.Entry"
      ]
    },
    {
      "id": "cordova-plugin-file.File",
      "file": "plugins/cordova-plugin-file/www/File.js",
      "pluginId": "cordova-plugin-file",
      "clobbers": [
        "window.File"
      ]
    },
    {
      "id": "cordova-plugin-file.FileEntry",
      "file": "plugins/cordova-plugin-file/www/FileEntry.js",
      "pluginId": "cordova-plugin-file",
      "clobbers": [
        "window.FileEntry"
      ]
    },
    {
      "id": "cordova-plugin-file.FileError",
      "file": "plugins/cordova-plugin-file/www/FileError.js",
      "pluginId": "cordova-plugin-file",
      "clobbers": [
        "window.FileError"
      ]
    },
    {
      "id": "cordova-plugin-file.FileReader",
      "file": "plugins/cordova-plugin-file/www/FileReader.js",
      "pluginId": "cordova-plugin-file",
      "clobbers": [
        "window.FileReader"
      ]
    },
    {
      "id": "cordova-plugin-file.FileSystem",
      "file": "plugins/cordova-plugin-file/www/FileSystem.js",
      "pluginId": "cordova-plugin-file",
      "clobbers": [
        "window.FileSystem"
      ]
    },
    {
      "id": "cordova-plugin-file.FileUploadOptions",
      "file": "plugins/cordova-plugin-file/www/FileUploadOptions.js",
      "pluginId": "cordova-plugin-file",
      "clobbers": [
        "window.FileUploadOptions"
      ]
    },
    {
      "id": "cordova-plugin-file.FileUploadResult",
      "file": "plugins/cordova-plugin-file/www/FileUploadResult.js",
      "pluginId": "cordova-plugin-file",
      "clobbers": [
        "window.FileUploadResult"
      ]
    },
    {
      "id": "cordova-plugin-file.FileWriter",
      "file": "plugins/cordova-plugin-file/www/FileWriter.js",
      "pluginId": "cordova-plugin-file",
      "clobbers": [
        "window.FileWriter"
      ]
    },
    {
      "id": "cordova-plugin-file.Flags",
      "file": "plugins/cordova-plugin-file/www/Flags.js",
      "pluginId": "cordova-plugin-file",
      "clobbers": [
        "window.Flags"
      ]
    },
    {
      "id": "cordova-plugin-file.LocalFileSystem",
      "file": "plugins/cordova-plugin-file/www/LocalFileSystem.js",
      "pluginId": "cordova-plugin-file",
      "clobbers": [
        "window.LocalFileSystem"
      ],
      "merges": [
        "window"
      ]
    },
    {
      "id": "cordova-plugin-file.Metadata",
      "file": "plugins/cordova-plugin-file/www/Metadata.js",
      "pluginId": "cordova-plugin-file",
      "clobbers": [
        "window.Metadata"
      ]
    },
    {
      "id": "cordova-plugin-file.ProgressEvent",
      "file": "plugins/cordova-plugin-file/www/ProgressEvent.js",
      "pluginId": "cordova-plugin-file",
      "clobbers": [
        "window.ProgressEvent"
      ]
    },
    {
      "id": "cordova-plugin-file.fileSystems",
      "file": "plugins/cordova-plugin-file/www/fileSystems.js",
      "pluginId": "cordova-plugin-file"
    },
    {
      "id": "cordova-plugin-file.requestFileSystem",
      "file": "plugins/cordova-plugin-file/www/requestFileSystem.js",
      "pluginId": "cordova-plugin-file",
      "clobbers": [
        "window.requestFileSystem"
      ]
    },
    {
      "id": "cordova-plugin-file.resolveLocalFileSystemURI",
      "file": "plugins/cordova-plugin-file/www/resolveLocalFileSystemURI.js",
      "pluginId": "cordova-plugin-file",
      "merges": [
        "window"
      ]
    },
    {
      "id": "cordova-plugin-file.isChrome",
      "file": "plugins/cordova-plugin-file/www/browser/isChrome.js",
      "pluginId": "cordova-plugin-file",
      "runs": true
    },
    {
      "id": "cordova-plugin-file.iosFileSystem",
      "file": "plugins/cordova-plugin-file/www/ios/FileSystem.js",
      "pluginId": "cordova-plugin-file",
      "merges": [
        "FileSystem"
      ]
    },
    {
      "id": "cordova-plugin-file.fileSystems-roots",
      "file": "plugins/cordova-plugin-file/www/fileSystems-roots.js",
      "pluginId": "cordova-plugin-file",
      "runs": true
    },
    {
      "id": "cordova-plugin-file.fileSystemPaths",
      "file": "plugins/cordova-plugin-file/www/fileSystemPaths.js",
      "pluginId": "cordova-plugin-file",
      "merges": [
        "cordova"
      ],
      "runs": true
    },
    {
      "id": "cordova-plugin-file-transfer.FileTransferError",
      "file": "plugins/cordova-plugin-file-transfer/www/FileTransferError.js",
      "pluginId": "cordova-plugin-file-transfer",
      "clobbers": [
        "window.FileTransferError"
      ]
    },
    {
      "id": "cordova-plugin-file-transfer.FileTransfer",
      "file": "plugins/cordova-plugin-file-transfer/www/FileTransfer.js",
      "pluginId": "cordova-plugin-file-transfer",
      "clobbers": [
        "window.FileTransfer"
      ]
    },
    {
      "id": "cordova-plugin-geolocation.Coordinates",
      "file": "plugins/cordova-plugin-geolocation/www/Coordinates.js",
      "pluginId": "cordova-plugin-geolocation",
      "clobbers": [
        "Coordinates"
      ]
    },
    {
      "id": "cordova-plugin-geolocation.PositionError",
      "file": "plugins/cordova-plugin-geolocation/www/PositionError.js",
      "pluginId": "cordova-plugin-geolocation",
      "clobbers": [
        "PositionError"
      ]
    },
    {
      "id": "cordova-plugin-geolocation.Position",
      "file": "plugins/cordova-plugin-geolocation/www/Position.js",
      "pluginId": "cordova-plugin-geolocation",
      "clobbers": [
        "Position"
      ]
    },
    {
      "id": "cordova-plugin-geolocation.geolocation",
      "file": "plugins/cordova-plugin-geolocation/www/geolocation.js",
      "pluginId": "cordova-plugin-geolocation",
      "clobbers": [
        "navigator.geolocation"
      ]
    },
    {
      "id": "cordova-plugin-googlemaps.BaseClass",
      "file": "plugins/cordova-plugin-googlemaps/www/BaseClass.js",
      "pluginId": "cordova-plugin-googlemaps",
      "runs": true
    },
    {
      "id": "cordova-plugin-googlemaps.BaseArrayClass",
      "file": "plugins/cordova-plugin-googlemaps/www/BaseArrayClass.js",
      "pluginId": "cordova-plugin-googlemaps",
      "runs": true
    },
    {
      "id": "cordova-plugin-googlemaps.LatLng",
      "file": "plugins/cordova-plugin-googlemaps/www/LatLng.js",
      "pluginId": "cordova-plugin-googlemaps",
      "runs": true
    },
    {
      "id": "cordova-plugin-googlemaps.LatLngBounds",
      "file": "plugins/cordova-plugin-googlemaps/www/LatLngBounds.js",
      "pluginId": "cordova-plugin-googlemaps",
      "runs": true
    },
    {
      "id": "cordova-plugin-googlemaps.VisibleRegion",
      "file": "plugins/cordova-plugin-googlemaps/www/VisibleRegion.js",
      "pluginId": "cordova-plugin-googlemaps",
      "runs": true
    },
    {
      "id": "cordova-plugin-googlemaps.Location",
      "file": "plugins/cordova-plugin-googlemaps/www/Location.js",
      "pluginId": "cordova-plugin-googlemaps",
      "runs": true
    },
    {
      "id": "cordova-plugin-googlemaps.CameraPosition",
      "file": "plugins/cordova-plugin-googlemaps/www/CameraPosition.js",
      "pluginId": "cordova-plugin-googlemaps",
      "runs": true
    },
    {
      "id": "cordova-plugin-googlemaps.Polyline",
      "file": "plugins/cordova-plugin-googlemaps/www/Polyline.js",
      "pluginId": "cordova-plugin-googlemaps",
      "runs": true
    },
    {
      "id": "cordova-plugin-googlemaps.Polygon",
      "file": "plugins/cordova-plugin-googlemaps/www/Polygon.js",
      "pluginId": "cordova-plugin-googlemaps",
      "runs": true
    },
    {
      "id": "cordova-plugin-googlemaps.Marker",
      "file": "plugins/cordova-plugin-googlemaps/www/Marker.js",
      "pluginId": "cordova-plugin-googlemaps",
      "runs": true
    },
    {
      "id": "cordova-plugin-googlemaps.HtmlInfoWindow",
      "file": "plugins/cordova-plugin-googlemaps/www/HtmlInfoWindow.js",
      "pluginId": "cordova-plugin-googlemaps",
      "runs": true
    },
    {
      "id": "cordova-plugin-googlemaps.Circle",
      "file": "plugins/cordova-plugin-googlemaps/www/Circle.js",
      "pluginId": "cordova-plugin-googlemaps",
      "runs": true
    },
    {
      "id": "cordova-plugin-googlemaps.TileOverlay",
      "file": "plugins/cordova-plugin-googlemaps/www/TileOverlay.js",
      "pluginId": "cordova-plugin-googlemaps",
      "runs": true
    },
    {
      "id": "cordova-plugin-googlemaps.GroundOverlay",
      "file": "plugins/cordova-plugin-googlemaps/www/GroundOverlay.js",
      "pluginId": "cordova-plugin-googlemaps",
      "runs": true
    },
    {
      "id": "cordova-plugin-googlemaps.Common",
      "file": "plugins/cordova-plugin-googlemaps/www/Common.js",
      "pluginId": "cordova-plugin-googlemaps",
      "runs": true
    },
    {
      "id": "cordova-plugin-googlemaps.encoding",
      "file": "plugins/cordova-plugin-googlemaps/www/encoding.js",
      "pluginId": "cordova-plugin-googlemaps",
      "runs": true
    },
    {
      "id": "cordova-plugin-googlemaps.spherical",
      "file": "plugins/cordova-plugin-googlemaps/www/spherical.js",
      "pluginId": "cordova-plugin-googlemaps",
      "runs": true
    },
    {
      "id": "cordova-plugin-googlemaps.Geocoder",
      "file": "plugins/cordova-plugin-googlemaps/www/Geocoder.js",
      "pluginId": "cordova-plugin-googlemaps",
      "runs": true
    },
    {
      "id": "cordova-plugin-googlemaps.ExternalService",
      "file": "plugins/cordova-plugin-googlemaps/www/ExternalService.js",
      "pluginId": "cordova-plugin-googlemaps",
      "runs": true
    },
    {
      "id": "cordova-plugin-googlemaps.Map",
      "file": "plugins/cordova-plugin-googlemaps/www/Map.js",
      "pluginId": "cordova-plugin-googlemaps",
      "runs": true
    },
    {
      "id": "cordova-plugin-googlemaps.event",
      "file": "plugins/cordova-plugin-googlemaps/www/event.js",
      "pluginId": "cordova-plugin-googlemaps",
      "runs": true
    },
    {
      "id": "cordova-plugin-googlemaps.MapTypeId",
      "file": "plugins/cordova-plugin-googlemaps/www/MapTypeId.js",
      "pluginId": "cordova-plugin-googlemaps",
      "runs": true
    },
    {
      "id": "cordova-plugin-googlemaps.KmlOverlay",
      "file": "plugins/cordova-plugin-googlemaps/www/KmlOverlay.js",
      "pluginId": "cordova-plugin-googlemaps",
      "runs": true
    },
    {
      "id": "cordova-plugin-googlemaps.Environment",
      "file": "plugins/cordova-plugin-googlemaps/www/Environment.js",
      "pluginId": "cordova-plugin-googlemaps",
      "runs": true
    },
    {
      "id": "cordova-plugin-googlemaps.MarkerCluster",
      "file": "plugins/cordova-plugin-googlemaps/www/MarkerCluster.js",
      "pluginId": "cordova-plugin-googlemaps",
      "runs": true
    },
    {
      "id": "cordova-plugin-googlemaps.Cluster",
      "file": "plugins/cordova-plugin-googlemaps/www/Cluster.js",
      "pluginId": "cordova-plugin-googlemaps",
      "runs": true
    },
    {
      "id": "cordova-plugin-googlemaps.geomodel",
      "file": "plugins/cordova-plugin-googlemaps/www/geomodel.js",
      "pluginId": "cordova-plugin-googlemaps",
      "runs": true
    },
    {
      "id": "cordova-plugin-googlemaps.CordovaGoogleMaps",
      "file": "plugins/cordova-plugin-googlemaps/www/googlemaps-cdv-plugin.js",
      "pluginId": "cordova-plugin-googlemaps",
      "clobbers": [
        "plugin.google.maps"
      ]
    },
    {
      "id": "cordova-plugin-ionic-webview.ios-wkwebview-exec",
      "file": "plugins/cordova-plugin-ionic-webview/src/www/ios/ios-wkwebview-exec.js",
      "pluginId": "cordova-plugin-ionic-webview",
      "clobbers": [
        "cordova.exec"
      ]
    },
    {
      "id": "cordova-plugin-market.Market",
      "file": "plugins/cordova-plugin-market/www/market.js",
      "pluginId": "cordova-plugin-market",
      "clobbers": [
        "cordova.plugins.market"
      ]
    },
    {
      "id": "cordova-plugin-network-information.network",
      "file": "plugins/cordova-plugin-network-information/www/network.js",
      "pluginId": "cordova-plugin-network-information",
      "clobbers": [
        "navigator.connection",
        "navigator.network.connection"
      ]
    },
    {
      "id": "cordova-plugin-network-information.Connection",
      "file": "plugins/cordova-plugin-network-information/www/Connection.js",
      "pluginId": "cordova-plugin-network-information",
      "clobbers": [
        "Connection"
      ]
    },
    {
      "id": "cordova-plugin-screen-orientation.screenorientation",
      "file": "plugins/cordova-plugin-screen-orientation/www/screenorientation.js",
      "pluginId": "cordova-plugin-screen-orientation",
      "clobbers": [
        "cordova.plugins.screenorientation"
      ]
    },
    {
      "id": "cordova-plugin-splashscreen.SplashScreen",
      "file": "plugins/cordova-plugin-splashscreen/www/splashscreen.js",
      "pluginId": "cordova-plugin-splashscreen",
      "clobbers": [
        "navigator.splashscreen"
      ]
    },
    {
      "id": "cordova-plugin-statusbar.statusbar",
      "file": "plugins/cordova-plugin-statusbar/www/statusbar.js",
      "pluginId": "cordova-plugin-statusbar",
      "clobbers": [
        "window.StatusBar"
      ]
    },
    {
      "id": "cordova-sqlite-storage.SQLitePlugin",
      "file": "plugins/cordova-sqlite-storage/www/SQLitePlugin.js",
      "pluginId": "cordova-sqlite-storage",
      "clobbers": [
        "SQLitePlugin"
      ]
    },
    {
      "id": "cordova.plugins.diagnostic.Diagnostic",
      "file": "plugins/cordova.plugins.diagnostic/www/ios/diagnostic.js",
      "pluginId": "cordova.plugins.diagnostic",
      "clobbers": [
        "cordova.plugins.diagnostic"
      ]
    },
    {
      "id": "es6-promise-plugin.Promise",
      "file": "plugins/es6-promise-plugin/www/promise.js",
      "pluginId": "es6-promise-plugin",
      "runs": true
    },
    {
      "id": "ionic-plugin-keyboard.keyboard",
      "file": "plugins/ionic-plugin-keyboard/www/ios/keyboard.js",
      "pluginId": "ionic-plugin-keyboard",
      "clobbers": [
        "cordova.plugins.Keyboard"
      ],
      "runs": true
    },
    {
      "id": "onesignal-cordova-plugin.OneSignal",
      "file": "plugins/onesignal-cordova-plugin/www/OneSignal.js",
      "pluginId": "onesignal-cordova-plugin",
      "clobbers": [
        "OneSignal"
      ]
    },
    {
      "id": "phonegap-plugin-barcodescanner.BarcodeScanner",
      "file": "plugins/phonegap-plugin-barcodescanner/www/barcodescanner.js",
      "pluginId": "phonegap-plugin-barcodescanner",
      "clobbers": [
        "cordova.plugins.barcodeScanner"
      ]
    },
    {
      "id": "cordova-plugin-x-socialsharing.SocialSharing",
      "file": "plugins/cordova-plugin-x-socialsharing/www/SocialSharing.js",
      "pluginId": "cordova-plugin-x-socialsharing",
      "clobbers": [
        "window.plugins.socialsharing"
      ]
    }
  ],
  "plugin_metadata": {
    "com-badrit-base64": "0.2.0",
    "com.googlemaps.ios": "2.4.0",
    "com.synconset.imagepicker": "2.1.8",
    "cordova-plugin-add-swift-support": "1.6.0",
    "cordova-plugin-badge": "0.8.3",
    "cordova-plugin-brightness": "0.1.5",
    "cordova-plugin-compat": "1.2.0",
    "cordova-plugin-camera": "2.4.1",
    "cordova-plugin-device": "1.1.6",
    "cordova-plugin-file": "4.3.3",
    "cordova-plugin-file-transfer": "1.6.3",
    "cordova-plugin-geolocation": "2.4.3",
    "cordova-plugin-googlemaps": "2.0.11",
    "cordova-plugin-ionic-webview": "1.1.15",
    "cordova-plugin-market": "1.2.0",
    "cordova-plugin-network-information": "1.3.3",
    "cordova-plugin-screen-orientation": "2.0.1",
    "cordova-plugin-splashscreen": "4.0.3",
    "cordova-plugin-statusbar": "2.2.3",
    "cordova-plugin-whitelist": "1.3.2",
    "cordova-sqlite-storage": "2.0.4",
    "cordova.plugins.diagnostic": "3.6.8",
    "es6-promise-plugin": "4.1.0",
    "ionic-plugin-keyboard": "2.2.1",
    "onesignal-cordova-plugin": "2.2.4",
    "phonegap-plugin-barcodescanner": "6.0.8",
    "cordova-plugin-x-socialsharing": "5.2.1"
  }
}